{
    "info": {
      "name": "Restaurant Management API",
      "description": "API endpoints for Restaurant Management System",
      "schema": "https://schema.getpostman.com/json/collection/v2.1.0/collection.json"
    },
    "item": [
      {
        "name": "User Login",
        "request": {
          "method": "POST",
          "header": [],
          "body": {
            "mode": "raw",
            "raw": "{\n  \"email\": \"user@example.com\",\n  \"password\": \"password123\"\n}"
          },
          "url": {
            "raw": "http://localhost:3000/api/auth/login",
            "host": "localhost",
            "port": "3000",
            "path": [
              "api",
              "auth",
              "login"
            ]
          }
        },
        "response": []
      },
      {
        "name": "Register Restaurant Owner",
        "request": {
          "method": "POST",
          "header": [],
          "body": {
            "mode": "raw",
            "raw": "{\n  \"restaurant_id\": 1,\n  \"owner_name\": \"John Doe\",\n  \"email\": \"john.doe@example.com\",\n  \"password\": \"password123\",\n  \"phone_number\": \"1234567890\"\n}"
          },
          "url": {
            "raw": "http://localhost:3000/api/auth/register-resto-owner",
            "host": "localhost",
            "port": "3000",
            "path": [
              "api",
              "auth",
              "register-resto-owner"
            ]
          }
        },
        "response": []
      },
      {
        "name": "Admin Dashboard",
        "request": {
          "method": "GET",
          "header": [
            {
              "key": "Authorization",
              "value": "Bearer {{token}}",
              "type": "text"
            }
          ],
          "url": {
            "raw": "http://localhost:3000/api/admin/dashboard",
            "host": "localhost",
            "port": "3000",
            "path": [
              "api",
              "admin",
              "dashboard"
            ]
          }
        },
        "response": []
      },
      {
        "name": "Add Menu Item",
        "request": {
          "method": "POST",
          "header": [
            {
              "key": "Authorization",
              "value": "Bearer {{token}}",
              "type": "text"
            }
          ],
          "body": {
            "mode": "raw",
            "raw": "{\n  \"restaurant_id\": 1,\n  \"name\": \"New Dish\",\n  \"description\": \"Delicious new dish\",\n  \"price\": 19.99,\n  \"category\": \"Main Course\"\n}"
          },
          "url": {
            "raw": "http://localhost:3000/api/admin/add-menu-item",
            "host": "localhost",
            "port": "3000",
            "path": [
              "api",
              "admin",
              "add-menu-item"
            ]
          }
        },
        "response": []
      },
      {
        "name": "Update Menu Item",
        "request": {
          "method": "PUT",
          "header": [
            {
              "key": "Authorization",
              "value": "Bearer {{token}}",
              "type": "text"
            }
          ],
          "body": {
            "mode": "raw",
            "raw": "{\n  \"item_id\": 1,\n  \"name\": \"Updated Dish\",\n  \"description\": \"Updated description\",\n  \"price\": 24.99,\n  \"category\": \"Main Course\"\n}"
          },
          "url": {
            "raw": "http://localhost:3000/api/admin/update-menu-item/1",
            "host": "localhost",
            "port": "3000",
            "path": [
              "api",
              "admin",
              "update-menu-item",
              "1"
            ]
          }
        },
        "response": []
      },
      {
        "name": "Delete Menu Item",
        "request": {
          "method": "DELETE",
          "header": [
            {
              "key": "Authorization",
              "value": "Bearer {{token}}",
              "type": "text"
            }
          ],
          "url": {
            "raw": "http://localhost:3000/api/admin/delete-menu-item/1",
            "host": "localhost",
            "port": "3000",
            "path": [
              "api",
              "admin",
              "delete-menu-item",
              "1"
            ]
          }
        },
        "response": []
      },
      {
        "name": "Get Orders",
        "request": {
          "method": "GET",
          "header": [
            {
              "key": "Authorization",
              "value": "Bearer {{token}}",
              "type": "text"
            }
          ],
          "url": {
            "raw": "http://localhost:3000/api/admin/orders/1",
            "host": "localhost",
            "port": "3000",
            "path": [
              "api",
              "admin",
              "orders",
              "1"
            ]
          }
        },
        "response": []
      },
      {
        "name": "Update Order Status",
        "request": {
          "method": "PUT",
          "header": [
            {
              "key": "Authorization",
              "value": "Bearer {{token}}",
              "type": "text"
            }
          ],
          "body": {
            "mode": "raw",
            "raw": "{\n  \"order_id\": 1,\n  \"status\": \"processing\"\n}"
          },
          "url": {
            "raw": "http://localhost:3000/api/admin/update-order-status",
            "host": "localhost",
            "port": "3000",
            "path": [
              "api",
              "admin",
              "update-order-status"
            ]
          }
        },
        "response": []
      },
      {
        "name": "Super Admin Get Requests",
        "request": {
          "method": "GET",
          "header": [
            {
              "key": "Authorization",
              "value": "Bearer {{token}}",
              "type": "text"
            }
          ],
          "url": {
            "raw": "http://localhost:3000/api/super-admin/requests",
            "host": "localhost",
            "port": "3000",
            "path": [
              "api",
              "super-admin",
              "requests"
            ]
          }
        },
        "response": []
      },
      {
        "name": "Super Admin Approve Request",
        "request": {
          "method": "PUT",
          "header": [
            {
              "key": "Authorization",
              "value": "Bearer {{token}}",
              "type": "text"
            }
          ],
          "url": {
            "raw": "http://localhost:3000/api/super-admin/approve-request/1",
            "host": "localhost",
            "port": "3000",
            "path": [
              "api",
              "super-admin",
              "approve-request",
              "1"
            ]
          }
        },
        "response": []
      },
      {
        "name": "Super Admin Reject Request",
        "request": {
          "method": "PUT",
          "header": [
            {
              "key": "Authorization",
              "value": "Bearer {{token}}",
              "type": "text"
            }
          ],
          "url": {
            "raw": "http://localhost:3000/api/super-admin/reject-request/1",
            "host": "localhost",
            "port": "3000",
            "path": [
              "api",
              "super-admin",
              "reject-request",
              "1"
            ]
          }
        },
        "response": []
      },
      {
        "name": "Super Admin Push Notification",
        "request": {
          "method": "POST",
          "header": [
            {
              "key": "Authorization",
              "value": "Bearer {{token}}",
              "type": "text"
            }
          ],
          "body": {
            "mode": "raw",
            "raw": "{\n  \"message\": \"New notification for all users\"\n}"
          },
          "url": {
            "raw": "http://localhost:3000/api/super-admin/push-notification",
            "host": "localhost",
            "port": "3000",
            "path": [
              "api",
              "super-admin",
              "push-notification"
            ]
          }
        },
        "response": []
      },
      {
        "name": "Super Admin Register Restaurant",
        "request": {
          "method": "POST",
          "header": [
            {
              "key": "Authorization",
              "value": "Bearer {{token}}",
              "type": "text"
            }
          ],
          "body": {
            "mode": "raw",
            "raw": "{\n  \"name\": \"Swiggy Restaurant\",\n  \"description\": \"Best restaurant in town\",\n  \"address\": \"123 Main St, Anytown, USA\",\n  \"contact_number\": \"0987654321\"\n}"
          },
          "url": {
            "raw": "http://localhost:3000/api/super-admin/register-restaurant",
            "host": "localhost",
            "port": "3000",
            "path": [
              "api",
              "super-admin",
              "register-restaurant"
            ]
          }
        },
        "response": []
      }
    ]
  }